nom,plateforme,revente,rachat,risque
"#Xmas, Super Puzzles Dream",PS5,,,
0 Degrees,PS5,,,
171,PS5,,,
1917: The Alien Invasion DX Remastered,PS5,,,
2XKO,PS5,,,
20 Bunnies,PS5,,,
3 °C Sand Puzzle,PS5,,,
30 Sport Games in 1,PS5,,,
3D Pool: Billiards & Snooker Remastered,PS5,,,
Marvel 1943: Rise of Hydra,PS5,,,
7 Days to Die,PS5,,,
Abandoned,PS5,,,
Abathor,PS5,,,
Abiotic Factor,PS5,,,
Achilles: Legends Untold,PS5,,,
Accolade Sports Collection,PS5,,,
Aeterna Noctis,PS5,,,
AEW Fight Forever,PS5,,,
AFL 23,PS5,,,
Afterlove EP,PS5,,,
Age of Empires II: Definitive Edition,PS5,,,
Age of Mythology: Retold,PS5,,,
Age of Wonders 4,PS5,,,
Alan Wake Remastered,PS5,,,
Alan Wake 2,PS5,,,
Alex Kidd in Miracle World DX,PS5,,,
Alfred Hitchcock – Vertigo,PS5,,,
Aliens,PS5,,,
Aliens: Fireteam Elite,PS5,,,
Aliens: Dark Descent,PS5,,,
Alice Gear Aegis CS: Concerto of Simulatrix,PS5,,,
The Alters,PS5,,,
Ambulance Life: A Paramedic Simulator,PS5,,,
Among Us,PS5,,,
Animal Well,PS5,,,
Anno 1800 Console Edition,PS5,,,
Anno: Mutationem,PS5,,,
Anodyne 2: Return to Dust,PS5,,,
Apex Legends,PS5,,,
Apico,PS5,,,
A Plague Tale: Innocence,PS5,,,
A Plague Tale: Requiem,PS5,,,
Apsulov: End of Gods,PS5,,,
Aragami 2,PS5,,,
Arcadegeddon,PS5,,,
Armored Core VI: Fires of Rubicon,PS5,,,
Arcade Paradise,PS5,,,
Archetype Arcadia,PS5,,,
Architect Life: A House Design Simulator,PS5,,,
Arctic Awakening,PS5,,,
Arrog,PS5,,,
Art of Rally,PS5,,,
The Artful Escape,PS5,,,
As Dusk Falls,PS5,,,
The Ascent,PS5,,,
A Space for the Unbound,PS5,,,
Asphalt Legends Unite,PS5,,,
Assassin's Creed Mirage,PS5,,,
Assassin's Creed Shadows,PS5,,,
Assassin's Creed Valhalla,PS5,,,
Assetto Corsa Competizione,PS5,,,
Asterigos: Curse of the Stars,PS5,,,
Asterix & Obelix: Slap Them All! 2,PS5,,,
Astria Ascending,PS5,,,
Astro Bot,PS5,,,
Astrolander,PS5,,,
Astro's Playroom,PS5,,,
Atelier Marie: The Alchemist of Salburg,PS5,,,
Atelier Ryza 2: Lost Legends & the Secret Fairy,PS5,,,
Atelier Ryza 3: Alchemist of the End & the Secret Key,PS5,,,
Atelier Yumia: The Alchemist of Memories & the Envisioned Land,PS5,,,
Atomfall,PS5,,,
Atomic Heart,PS5,,,
Auto Chess,PS5,,,
Avatar: Frontiers of Pandora,PS5,,,
Avatar: The Last Airbender: Quest for Balance,PS5,,,
Marvel's Avengers,PS5,,,
Away: The Survival Series,PS5,,,
Axiom Verge 2,PS5,,,
Aztech: Forgotten Gods,PS5,,,
Babylon's Fall,PS5,,,
Back 4 Blood,PS5,,,
Bad Birds,PS5,,,
Balan Wonderworld,PS5,,,
Balatro,PS5,,,
Baldur's Gate III,PS5,,,
Battlefield 2042,PS5,,,
Batora: Lost Haven,PS5,,,
Before We Leave,PS5,,,
Berserk Boy,PS5,,,
Beyond Contact,PS5,,,
Beyond a Steel Sky,PS5,,,
The Binding of Isaac: Repentance,PS5,,,
Bluey: The Videogame,PS5,,,
Biomutant,PS5,,,
Bang-On Balls: Chronicles,PS5,,,
Black Legend,PS5,,,
Black Myth: Wukong,PS5,,,
Blast Brigade vs. the Evil Legion of Dr. Cread,PS5,,,
Blazing Strike,PS5,,,
Blood Bowl 3,PS5,,,
BloodRayne Betrayal: Fresh Bites,PS5,,,
Borderlands 3,PS5,,,
Borderlands 4,PS5,,,
Boyfriend Dungeon,PS5,,,
Braid Anniversary Edition,PS5,,,
Bratz: Flaunt Your Fashion,PS5,,,
Breakout: Recharged,PS5,,,
Breathedge,PS5,,,
Bridge Constructor: The Walking Dead,PS5,,,
Bugsnax,PS5,,,
C14 Dating,PS5,,,
Cairn,PS5,,,
Cocoon,PS5,,,
Call of Duty: Black Ops Cold War,PS5,,,
Call of Duty: Black Ops 6,PS5,,,
Call of Duty: Modern Warfare II,PS5,,,
Call of Duty: Modern Warfare III,PS5,,,
Call of Duty: Vanguard,PS5,,,
Call of Duty: Warzone 2.0,PS5,,,
Call of the Sea,PS5,,,
The Callisto Protocol,PS5,,,
Campfire of Oasis,PS5,,,
Can't Drive This,PS5,,,
The Casting of Frank Stone,PS5,,,
The Centennial Case: A Shijima Story,PS5,,,
Centipede: Recharged,PS5,,,
Centum,PS5,,,
Century: Age of Ashes,PS5,,,
Chernobylite,PS5,,,
Chicory: A Colorful Tale,PS5,,,
Chivalry 2,PS5,,,
Choo-Choo Charles,PS5,,,
Chorus,PS5,,,
Civilization VII,PS5,,,
Clair Obscur: Expedition 33,PS5,,,
Clash: Artifacts of Chaos,PS5,,,
Clid the Snail,PS5,,,
Cliff Rush 3D,PS5,,,
Chronos Time,PS5,,,
Code Violet,PS5,,,
Color Dodge,PS5,,,
Company of Heroes 3,PS5,,,
Concept Destruction,PS5,,,
Concord,PS5,,,
Control: Ultimate Edition,PS5,,,
Control 2,PS5,,,
Color Snake,PS5,,,
Conway: Disappearance at Dahlia View,PS5,,,
Cookie Clicker,PS5,,,
Cosmophobia,PS5,,,
Cozy Claw Machine,PS5,,,
Crash Bandicoot 4: It's About Time,PS5,,,
Crash Drive 3,PS5,,,
Crazy Ball,PS5,,,
Crazy Chicken Jump 'n' Run Traps and Treasures,PS5,,,
Crazy Chicken Jump 'n' Run Traps and Treasures 2,PS5,,,
Crazy Chicken Kart 2,PS5,,,
Crazy Chicken Remake,PS5,,,
Crazy Chicken Wanted,PS5,,,
Crazy Chicken X,PS5,,,
Crazy Chicken Xtreme,PS5,,,
The Crew Motorfest,PS5,,,
Cricket 22,PS5,,,
Cricket 24,PS5,,,
Crimson Desert,PS5,,,
Crimsonland,PS5,,,
Cris Tales,PS5,,,
Crisis Core: Final Fantasy VII Reunion,PS5,,,
CRSED: F.O.A.D.,PS5,,,
Crusader Kings III,PS5,,,
Crystar,PS5,,,
Cthulhu Saves Christmas,PS5,,,
Curse of the Sea Rats,PS5,,,
Cuisineer,PS5,,,
Curved Space,PS5,,,
Cyber Citizen Shockman 3: The Princess from Another World,PS5,,,
Cyberpunk 2077,PS5,,,
Cyber Shadow,PS5,,,
CYGNI: All Guns Blazing,PS5,,,
Daba: Land of Water Scar,PS5,,,
The Dark Pictures Anthology: House of Ashes,PS5,,,
Darksiders II: Deathinitive Edition,PS5,,,
Darq: Complete Edition,PS5,,,
Date Everything!,PS5,,,
Dave the Diver,PS5,,,
Dauntless,PS5,,,
Dawn of the Monsters,PS5,,,
Days Gone Remastered,PS5,,,
Daymare: 1994 Sandcastle,PS5,,,
Days of Doom,PS5,,,
DC League of Super-Pets: The Adventures of Krypto and Ace,PS5,,,
DC Universe Online,PS5,,,
Dead by Daylight,PS5,,,
Deadcraft,PS5,,,
Dead Island 2,PS5,,,
Dead Rising Deluxe Remastered,PS5,,,
Dead Space,PS5,,,
Death's Door,PS5,,,
Death Stranding 2: On the Beach,PS5,,,
Death Stranding Director's Cut,PS5,,,
Deathbound,PS5,,,
Deathloop,PS5,,,
Deathverse: Let It Die,PS5,,,
Deceive Inc.,PS5,,,
Deep Rock Galactic,PS5,,,
Deliver Us The Moon,PS5,,,
Deltarune,PS5,,,
Demon's Souls,PS5,,,
Demon Slayer: Kimetsu no Yaiba – The Hinokami Chronicles,PS5,,,
Demon Turf,PS5,,,
Destiny 2,PS5,,,
Destroy All Humans! 2: Reprobed,PS5,,,
Destruction AllStars,PS5,,,
Devil May Cry 5: Special Edition,PS5,,,
Diablo II: Resurrected,PS5,,,
Diablo IV,PS5,,,
Digimon Story Time Stranger,PS5,,,
Dinos Reborn,PS5,,,
The DioField Chronicle,PS5,,,
Directive 8020,PS5,,,
Dirt 5,PS5,,,
Disciples: Liberation,PS5,,,
Disco Elysium: The Final Cut,PS5,,,
Disgaea 6: Defiance of Destiny,PS5,,,
Disgaea 7: Vows of the Virtueless,PS5,,,
Disney Dreamlight Valley,PS5,,,
Disney Speedstorm,PS5,,,
Divine Knockout,PS5,,,
DNF Duel,PS5,,,
Doctor Simulator,PS5,,,
Doctor Who: The Edge of Reality,PS5,,,
Doki Doki Literature Club Plus!,PS5,,,
Dolmen,PS5,,,
Doom: The Dark Ages,PS5,,,
Doom Eternal,PS5,,,
Double Dragon Gaiden: Rise of the Dragons,PS5,,,
Double Dragon Revive,PS5,,,
Dragon Age: The Veilguard,PS5,,,
Dragon Ball FighterZ,PS5,,,
Dragon Ball Xenoverse 2,PS5,,,
Dragon Ball: Sparking! Zero,PS5,,,
Dragon Ball Z: Kakarot,PS5,,,
Dragon's Dogma 2,PS5,,,
Dragon Quest III HD-2D Remake,PS5,,,
Dragon Quest X Offline,PS5,,,
Dreaming Sarah,PS5,,,
Dreams of Another,PS5,,,
Drift Master Simulator,PS5,,,
Drunken Superhero,PS5,,,
Dungeons & Bombs,PS5,,,
Dungeons & Dragons: Dark Alliance,PS5,,,
Dustborn,PS5,,,
Dying: 1983,PS5,,,
Dying Light 2: Stay Human,PS5,,,
Dynasty Warriors 9: Empires,PS5,,,
Dynasty Warriors: Origins,PS5,,,
Dysmantle,PS5,,,
Earth Defense Force 6,PS5,,,
EA Sports College Football 25,PS5,,,
EA Sports College Football 26,PS5,,,
EA Sports FC 24,PS5,,,
EA Sports FC 25,PS5,,,
EA Sports PGA Tour,PS5,,,
EA Sports UFC 5,PS5,,,
EA Sports WRC,PS5,,,
Edge of Eternity,PS5,,,
eFootball 2022,PS5,,,
Eiyuden Chronicle: Hundred Heroes,PS5,,,
Eiyuden Chronicle: Rising,PS5,,,
ELEX II,PS5,,,
Elden Ring,PS5,,,
Elden Ring Nightreign,PS5,,,
The Elder Scrolls Online,PS5,,,
The Elder Scrolls IV: Oblivion Remastered,PS5,,,
The Elder Scrolls V: Skyrim,PS5,,,
Enchanted Portals,PS5,,,
Endless Dungeon,PS5,,,
Endling: Extinction is Forever,PS5,,,
Enlisted,PS5,,,
The Entropy Centre,PS5,,,
Escape from Life Inc,PS5,,,
Escape the Glitch,PS5,,,
Escape the Glitch 2: Backrooms,PS5,,,
Eternal,PS5,,,
Earth Defense: World Brothers 2,PS5,,,
Ever Forward,PS5,,,
Evergate,PS5,,,
Evil Dead: The Game,PS5,,,
Evil Eyes,PS5,,,
Evil Genius 2: World Domination,PS5,,,
Evil West,PS5,,,
Exiledge,PS5,,,
Exophobia,PS5,,,
Exoprimal,PS5,,,
F1 2021,PS5,,,
F1 22,PS5,,,
F1 23,PS5,,,
F1 24,PS5,,,
F1 25,PS5,,,
F1 Manager 2022,PS5,,,
F1 Manager 2023,PS5,,,
F1 Manager 2024,PS5,,,
Fae Farm,PS5,,,
The Falconeer: Warrior Edition,PS5,,,
Fall Guys,PS5,,,
Fallout 4,PS5,,,
Far Cry 6,PS5,,,
Farming Simulator 22,PS5,,,
Farming Simulator 25,PS5,,,
Fatal Frame: Maiden of Black Water,PS5,,,
Fatal Frame: Mask of the Lunar Eclipse,PS5,,,
Fatal Fury: City of the Wolves,PS5,,,
Feed My Raptor,PS5,,,
Feed My Raptor 2,PS5,,,
FIFA 21,PS5,,,
FIFA 22,PS5,,,
FIFA 23,PS5,,,
Final Fantasy VII Rebirth,PS5,,,
Final Fantasy VII Remake Intergrade,PS5,,,
Final Fantasy XIV,PS5,,,
Final Fantasy XVI,PS5,,,
Finger Fitness,PS5,,,
Fire Commander,PS5,,,
The First Berserker: Khazan,PS5,,,
First Class Trouble,PS5,,,
The First Descendant,PS5,,,
F.I.S.T.: Forged In Shadow Torch,PS5,,,
Five Nights at Freddy's: Help Wanted,PS5,,,
Five Nights at Freddy's: Into the Pit,PS5,,,
Five Nights at Freddy's: Security Breach,PS5,,,
Flashback 2,PS5,,,
Flea Madness,PS5,,,
Flipper Mechanic,PS5,,,
Flintlock: The Siege of Dawn,PS5,,,
Foamstars,PS5,,,
Fobia: St. Dinfna Hotel,PS5,,,
Football Manager 2023,PS5,,,
Football Manager 2024,PS5,,,
Foreclosed,PS5,,,
The Forest Cathedral,PS5,,,
The Forgotten City,PS5,,,
Forspoken,PS5,,,
Fortnite,PS5,,,
Fort Solis,PS5,,,
Forza Horizon 5,PS5,,,
Freddy Spaghetti,PS5,,,
Freedom Planet 2,PS5,,,
Freedom Wars Remastered,PS5,,,
Frog Jumper,PS5,,,
Fruit Collector,PS5,,,
Fuga: Melodies of Steel,PS5,,,
Fuga: Melodies of Steel 2,PS5,,,
Funko Fusion,PS5,,,
Galacticare,PS5,,,
Gamer Quest,PS5,,,
Garten of Banban,PS5,,,
Garten of Banban II,PS5,,,
Garten of Banban III,PS5,,,
Garten of Banban IV,PS5,,,
Genshin Impact,PS5,,,
Ghost of Tsushima Director's Cut,PS5,,,
Ghost of Tsushima: Legends,PS5,,,
Ghost of Yōtei,PS5,,,
Ghostrunner,PS5,,,
Ghostrunner 2,PS5,,,
Ghostwire: Tokyo,PS5,,,
Glowface,PS5,,,
Glowface in Love,PS5,,,
Godfall,PS5,,,
God of War Ragnarök,PS5,,,
Goals,PS5,,,
Goat Simulator: Remastered,PS5,,,
Goat Simulator 3,PS5,,,
The God Slayer,PS5,,,
Golden Racing,PS5,,,
Goonya Fighter: Jiggly Haptic Edition,PS5,,,
Goodbye Volcano High,PS5,,,
Gotham Knights,PS5,,,
Gothic Remake,PS5,,,
Gran Turismo 7,PS5,,,
Granblue Fantasy: Relink,PS5,,,
Granblue Fantasy Versus: Rising,PS5,,,
Grand Theft Auto Online,PS5,,,
Grand Theft Auto: The Trilogy – The Definitive Edition,PS5,,,
Grand Theft Auto V,PS5,,,
Grand Theft Auto VI,PS5,,,
Graven,PS5,,,
GraviFire,PS5,,,
GreedFall,PS5,,,
Grid Legends,PS5,,,
Grounded,PS5,,,
Marvel's Guardians of the Galaxy,PS5,,,
Guilty Gear Strive,PS5,,,
Gundam Breaker 4,PS5,,,
Gungrave G.O.R.E.,PS5,,,
Gunship: Zombie,PS5,,,
Gunvolt Chronicles Luminous Avenger iX 2,PS5,,,
Gylt,PS5,,,
Halloween Candy Run,PS5,,,
Hades,PS5,,,
Hang Glider Simulator,PS5,,,
Haunted Space,PS5,,,
Harry Potter: Quidditch Champions,PS5,,,
Haven,PS5,,,
Heavenly Bodies,PS5,,,
Heist Man,PS5,,,
Helldivers II,PS5,,,
Hell Is Us,PS5,,,
Hell Let Loose,PS5,,,
Hellpoint,PS5,,,
Hello Neighbor 2,PS5,,,
Hi-Fi Rush,PS5,,,
Hitman 3,PS5,,,
Hogwarts Legacy,PS5,,,
Hood: Outlaws & Legends,PS5,,,
Horizon Forbidden West,PS5,,,
Horizon Zero Dawn Remastered,PS5,,,
Hot Wheels Monster Trucks: Stunt Mayhem,PS5,,,
Hot Wheels Unleashed,PS5,,,
Hot Wheels Unleashed 2: Turbocharged,PS5,,,
Hotel Life: A Resort Simulator,PS5,,,
How To: Superhero!,PS5,,,
Howl,PS5,,,
Hunter's Arena: Legends,PS5,,,
Human: Fall Flat,PS5,,,
Hyper Rider,PS5,,,
Hyper Turbo Boost,PS5,,,
I Am Dead,PS5,,,
Ice Jump,PS5,,,
Immortals Fenyx Rising,PS5,,,
Independence Day Run,PS5,,,
Indiana Jones and the Great Circle,PS5,,,
Infinity Nikki,PS5,,,
Infliction: Extended Cut,PS5,,,
In Rays of the Light,PS5,,,
In Sound Mind,PS5,,,
In Stars and Time,PS5,,,
Insurgency: Sandstorm,PS5,,,
Interaction Isn't Explicit,PS5,,,
Iron Harvest,PS5,,,
It Takes Two,PS5,,,
I Was a Teenage Exocolonist,PS5,,,
Jett: The Far Shore,PS5,,,
JoJo's Bizarre Adventure: All Star Battle R,PS5,,,
Journey to the Savage Planet,PS5,,,
Judgment,PS5,,,
A Juggler's Tale,PS5,,,
Jump Challenge!,PS5,,,
Jurassic World Evolution 2,PS5,,,
Jusant,PS5,,,
Just Dance 2021,PS5,,,
Just Dance 2022,PS5,,,
Just Dance 2023 Edition,PS5,,,
Just Dance 2024 Edition,PS5,,,
Just Dance 2025 Edition,PS5,,,
Jydge,PS5,,,
Kao the Kangaroo,PS5,,,
Kena: Bridge of Spirits,PS5,,,
Kerbal Space Program 2,PS5,,,
Kerbal Space Program: Enhanced Edition,PS5,,,
KeyWe,PS5,,,
Kid A Mnesia Exhibition,PS5,,,
Killing Floor 3,PS5,,,
King Arthur: Knight's Tale,PS5,,,
Killer Klowns from Outer Space: The Game,PS5,,,
King Oddball,PS5,,,
The King of Fighters XV,PS5,,,
Kingdoms and Castles,PS5,,,
Kingdom of Arcadia,PS5,,,
Kingdom Come: Deliverance II,PS5,,,
Kitaria Fables,PS5,,,
Klonoa Phantasy Reverie Series,PS5,,,
Knives Out: Extreme,PS5,,,
Knockout City,PS5,,,
Koira,PS5,,,
Koumajou Densetsu: Scarlet Symphony,PS5,,,
Lake,PS5,,,
The Last Oricru,PS5,,,
The Last of Us Part I,PS5,,,
The Last of Us Part II Remastered,PS5,,,
The Last Stand: Aftermath,PS5,,,
Last Stop,PS5,,,
The Last Worker,PS5,,,
Legacy of Kain: Soul Reaver 1 & 2 Remastered,PS5,,,
The Legend of Cyber Cowboy,PS5,,,
The Legend of Heroes: Trails Beyond the Horizon,PS5,,,
The Legend of Heroes: Trails into Reverie,PS5,,,
The Legend of Heroes: Trails Through Daybreak,PS5,,,
The Legend of Heroes: Trails Through Daybreak II,PS5,,,
The Legend of Heroes: Trails of Cold Steel III,PS5,,,
The Legend of Heroes: Trails of Cold Steel IV,PS5,,,
Lego Brawls,PS5,,,
Lego Builder's Journey,PS5,,,
Lego Horizon Adventures,PS5,,,
Lego Star Wars: The Skywalker Saga,PS5,,,
Lemnis Gate,PS5,,,
Let's School,PS5,,,
Lies of P,PS5,,,
Life Is Strange: Double Exposure,PS5,,,
Life Is Strange Remastered Collection,PS5,,,
Life Is Strange: True Colors,PS5,,,
Like a Dragon: Infinite Wealth,PS5,,,
Like a Dragon Gaiden: The Man Who Erased His Name,PS5,,,
Like a Dragon: Ishin!,PS5,,,
Like a Dragon: Pirate Yakuza in Hawaii,PS5,,,
Lil' Guardsman,PS5,,,
Little Big Adventure: Twinsen's Quest,PS5,,,
Lineage W,PS5,,,
Lisa: Definitive Edition,PS5,,,
Little Devil Inside,PS5,,,
Little Nightmares II,PS5,,,
Long Gone Days,PS5,,,
The Lord of the Rings: Gollum,PS5,,,
Lords of the Fallen Remake,PS5,,,
Lost in Random,PS5,,,
Lost Judgment,PS5,,,
Lost Records: Bloom & Rage,PS5,,,
Lost Soul Aside,PS5,,,
Loulan,PS5,,,
Madden NFL 21,PS5,,,
Madden NFL 22,PS5,,,
Madden NFL 23,PS5,,,
Madden NFL 24,PS5,,,
Madden NFL 25,PS5,,,
Madden NFL 26,PS5,,,
Madō Monogatari: Fia and the Mysterious School,PS5,,,
MADiSON,PS5,,,
Mafia: The Old Country,PS5,,,
Maid of Sker,PS5,,,
The Making of Karateka,PS5,,,
Maneater,PS5,,,
Manifold Garden,PS5,,,
Maquette,PS5,,,
Martha Is Dead,PS5,,,
Matchpoint: Tennis Championships,PS5,,,
Untitled Max Payne Remake,PS5,,,
MechWarrior 5: Clans,PS5,,,
MechWarrior 5: Mercenaries,PS5,,,
The Medium,PS5,,,
Megaton Musashi,PS5,,,
A Memoir Blue,PS5,,,
Metal: Hellsinger,PS5,,,
Metal Gear Solid Delta: Snake Eater,PS5,,,
Metal Gear Solid Master Collection Vol. 1,PS5,,,
Metallic Child,PS5,,,
Metaphor: ReFantazio,PS5,,,
Metro Exodus Complete Edition,PS5,,,
Miasma Chronicles,PS5,,,
MicroMan,PS5,,,
Minecraft: Bedrock Edition,PS5,,,
Marvel's Midnight Suns,PS5,,,
MindsEye,PS5,,,
MLB The Show 21,PS5,,,
MLB The Show 22,PS5,,,
MLB The Show 23,PS5,,,
MLB The Show 24,PS5,,,
MLB The Show 25,PS5,,,
Mobile Suit Gundam: Battle Operation 2,PS5,,,
Mobile Suit Gundam: Battle Operation Code Fairy Volume 1,PS5,,,
Mobile Suit Gundam: Battle Operation Code Fairy Volume 2,PS5,,,
Mobile Suit Gundam: Battle Operation Code Fairy Volume 3,PS5,,,
Mon-Yu,PS5,,,
Monark,PS5,,,
Monopoly Madness,PS5,,,
Monster Boy and the Cursed Kingdom,PS5,,,
Monster Energy Supercross: The Official Videogame 4,PS5,,,
Monster Energy Supercross: The Official Videogame 5,PS5,,,
Monster Energy Supercross: The Official Videogame 6,PS5,,,
Monster Hunter Rise,PS5,,,
Monster Hunter Wilds,PS5,,,
Monster Truck Championship,PS5,,,
Mortal Kombat 1,PS5,,,
Mortal Kombat 11,PS5,,,
Mortal Shell: Enhanced Edition,PS5,,,
MotoGP 21,PS5,,,
Mr. Driller Drill Land,PS5,,,
MultiVersus,PS5,,,
Mundaun,PS5,,,
MXGP 2020,PS5,,,
MX vs. ATV Legends,PS5,,,
My Time at Sandrock,PS5,,,
Naruto x Boruto: Ultimate Ninja Storm Connections,PS5,,,
NBA 2K21,PS5,,,
NBA 2K22,PS5,,,
NBA 2K23,PS5,,,
NBA 2K24,PS5,,,
NBA 2K25,PS5,,,
Need for Speed Unbound,PS5,,,
Necromunda: Hired Gun,PS5,,,
Needy Streamer Overload,PS5,,,
Neptunia Game Maker R:Evolution,PS5,,,
Neptunia Riders VS Dogoos,PS5,,,
Neptunia re★Verse,PS5,,,
Neptunia Shooter,PS5,,,
Neptunia: Sisters vs Sisters,PS5,,,
Neon Bash,PS5,,,
Nerf Legends,PS5,,,
Nexomon,PS5,,,
NHL 22,PS5,,,
NHL 23,PS5,,,
NHL 24,PS5,,,
NHL 25,PS5,,,
Nickelodeon All-Star Brawl,PS5,,,
Nickelodeon All-Star Brawl 2,PS5,,,
Nickelodeon Kart Racers 3: Slime Speedway,PS5,,,
Nikoderiko: The Magical World,PS5,,,
Ninja Gaiden II Black,PS5,,,
Ninja Gaiden 4,PS5,,,
The Nioh Collection,PS5,,,
Nobody Saves the World,PS5,,,
No Man's Sky,PS5,,,
No More Heroes III,PS5,,,
Nour: Play With Your Food,PS5,,,
Observer: System Redux,PS5,,,
Octopath Traveler II,PS5,,,
Oddworld: Soulstorm,PS5,,,
OlliOlli World,PS5,,,
One Piece Odyssey,PS5,,,
Onimusha: Way of the Sword,PS5,,,
Open Roads,PS5,,,
Operation: Tango,PS5,,,
Orcs Must Die! 3,PS5,,,
Outbreak,PS5,,,
Outbreak: Epidemic,PS5,,,
Outbreak: Lost Hope,PS5,,,
Outbreak: The New Nightmare,PS5,,,
Outbreak: The Nightmare Chronicles,PS5,,,
Outcast 2: A New Beginning,PS5,,,
The Outlast Trials,PS5,,,
Outriders,PS5,,,
Overcooked! All You Can Eat,PS5,,,
Override 2: Super Mech League,PS5,,,
Overwatch 2,PS5,,,
Oxenfree II: Lost Signals,PS5,,,
Pac-Man Mega Tunnel Battle: Chomp Champs,PS5,,,
Pac-Man World Re-Pac,PS5,,,
Paleo Pines,PS5,,,
Palworld,PS5,,,
Panda Hero Remastered,PS5,,,
Paper Beast: Enhanced Edition,PS5,,,
Paperman: Adventure Delivered,PS5,,,
Park Beyond,PS5,,,
Party Animals,PS5,,,
Paw Patrol World,PS5,,,
Paws and Clean,PS5,,,
Payday 3,PS5,,,
Pinball FX,PS5,,,
Pinball M,PS5,,,
Party Crasher Simulator,PS5,,,
The Pathless,PS5,,,
The Pedestrian,PS5,,,
Pentiment,PS5,,,
The Persistence Enhanced,PS5,,,
Persona 3 Reload,PS5,,,
Persona 5 Royal,PS5,,,
Persona 5 Tactica,PS5,,,
PGA Tour 2K23,PS5,,,
Phantom Brave: The Lost Hero,PS5,,,
Ping Redux,PS5,,,
Planet Coaster: Console Edition,PS5,,,
Planet Coaster 2,PS5,,,
Planet Zoo: Console Edition,PS5,,,
Plumbers Don't Wear Ties,PS5,,,
Poker Club,PS5,,,
Poopy Time,PS5,,,
Port Royale 4,PS5,,,
PPA Pickball Tour 2025,PS5,,,
Praey for the Gods,PS5,,,
Pragmata,PS5,,,
Predator: Hunting Grounds,PS5,,,
Predecessor,PS5,,,
Professional Baseball Spirits 2024-2025,PS5,,,
Psikyo Shooting Collection,PS5,,,
Pumpkin Jack,PS5,,,
Puyo Puyo Tetris 2,PS5,,,
Puzzle Bobble 3D: Vacation Odyssey,PS5,,,
Puzzle Vacations: France,PS5,,,
Puzzle Vacations: Japan,PS5,,,
Puzzle Vacations: Nordics,PS5,,,
Quake,PS5,,,
Quantum Error,PS5,,,
R-Type Final 3 Evolved,PS5,,,
Raidou Remastered: The Mystery of the Soulless Army,PS5,,,
Rally Racing,PS5,,,
Ratchet & Clank: Rift Apart,PS5,,,
Rage of the Dragons,PS5,,,
Read Only Memories: Neurodiver,PS5,,,
Record of Lodoss War: Deedlit in Wonder Labyrinth,PS5,,,
Recompile,PS5,,,
Redout 2,PS5,,,
Relayer,PS5,,,
Remnant 2,PS5,,,
Renzo Racer,PS5,,,
Resident Evil 2,PS5,,,
Resident Evil 3,PS5,,,
Resident Evil 4,PS5,,,
Resident Evil 7: Biohazard,PS5,,,
Resident Evil Village,PS5,,,
Return to Monkey Island,PS5,,,
Returnal,PS5,,,
RetroRealms: Ash vs Evil Dead,PS5,,,
RetroRealms: Halloween,PS5,,,
RetroRealms: Laurie Strode,PS5,,,
RetroRealms: Kelly Maxwell,PS5,,,
Revita,PS5,,,
The Reward of Cherishment and Eternity,PS5,,,
Rex 'n Run,PS5,,,
Reynatis,PS5,,,
Ride 4,PS5,,,
Ride 5,PS5,,,
Riders Republic,PS5,,,
The Riftbreaker,PS5,,,
RiMS Racing,PS5,,,
Rise of the Ronin,PS5,,,
Rise of the Slime,PS5,,,
River City Girls,PS5,,,
River City Girls 2,PS5,,,
RoboCop: Rogue City,PS5,,,
Roguebook,PS5,,,
Rogue Company,PS5,,,
RollerCoaster Tycoon 3: Complete Edition,PS5,,,
Romancelvania: BATchelor's Curse,PS5,,,
Romancing SaGa 2: Revenge of the Seven,PS5,,,
Roots of Pacha,PS5,,,
Rugby 22,PS5,,,
Ruined King: A League of Legends Story,PS5,,,
Ruinverse,PS5,,,
The Rumble Fish 2,PS5,,,
Run Man,PS5,,,
RWBY: Arrowfell,PS5,,,
Sackboy: A Big Adventure,PS5,,,
Saints Row,PS5,,,
Saints Row: The Third Remastered,PS5,,,
Salt and Sacrifice,PS5,,,
Sakura Succubus,PS5,,,
Sakura Succubus II,PS5,,,
Sakura Succubus III,PS5,,,
Sakura Succubus IV,PS5,,,
Sakura Succubus V,PS5,,,
Sakura Succubus VI,PS5,,,
Sakura Succubus VII,PS5,,,
Sand Land,PS5,,,
Saros,PS5,,,
Sayonara Wild Hearts,PS5,,,
Scar-Lead Salvation,PS5,,,
Scorn,PS5,,,
Sea of Thieves,PS5,,,
SpellForce: Conquest of Eo,PS5,,,
Samurai Gunn 2,PS5,,,
Scatch: The Painter Cat,PS5,,,
Schim,PS5,,,
Scott Pilgrim vs. the World: The Game - Complete Edition,PS5,,,
Season: A Letter to the Future,PS5,,,
Sephonie,PS5,,,
Serial Cleaners,PS5,,,
Serious Sam 4,PS5,,,
Shadow Warrior 3: Definitive Edition,PS5,,,
Shakedown: Hawaii,PS5,,,
Shantae,PS5,,,
Shantae Advance: Risky Revolution,PS5,,,
Shattered – Tale of the Forgotten King,PS5,,,
Sherlock Holmes: The Awakened,PS5,,,
Sherlock Holmes: Chapter One,PS5,,,
Shing!,PS5,,,
Showa American Story,PS5,,,
Shujinkou,PS5,,,
Side Bullet,PS5,,,
Sifu,PS5,,,
Silent Hill 2,PS5,,,
Silent Hill: The Short Message,PS5,,,
Sinfeld Remastered,PS5,,,
The Sinking City,PS5,,,
The Sinking City 2,PS5,,,
Skull and Bones,PS5,,,
Slave Zero X,PS5,,,
Slayers X: Terminal Aftermath: Vengance of the Slayer,PS5,,,
Slitterhead,PS5,,,
Smelter,PS5,,,
Smalland: Survive the Wilds,PS5,,,
The Smurfs: Dreams,PS5,,,
The Smurfs: Mission Vileaf,PS5,,,
The Smurfs 2: The Prisoner of the Green Stone,PS5,,,
Sniper Elite 5,PS5,,,
Sniper Elite: Resistance,PS5,,,
Sniper Ghost Warrior Contracts 2,PS5,,,
Solar Ash,PS5,,,
South Park: Snow Day!,PS5,,,
Sonic Frontiers,PS5,,,
Sonic Origins,PS5,,,
Sonic Origins Plus,PS5,,,
Sonic Racing: CrossWorlds,PS5,,,
Sonic Superstars,PS5,,,
Sonic X Shadow Generations,PS5,,,
Soul Hackers 2,PS5,,,
Soulstice,PS5,,,
Spacelords,PS5,,,
Space KaBAAM,PS5,,,
Space KaBAAM 2,PS5,,,
Space KaBAAM 3,PS5,,,
SpellForce 3 Reforced,PS5,,,
Marvel's Spider-Man 2,PS5,,,
Marvel's Spider-Man: Miles Morales,PS5,,,
Marvel's Spider-Man Remastered,PS5,,,
Spin the Book,PS5,,,
Spin the Lighthouse,PS5,,,
Spirit of the North: Enhanced Edition,PS5,,,
Split Fiction,PS5,,,
SRX: The Game,PS5,,,
Star Ocean: The Divine Force,PS5,,,
Star Trek: Resurgence,PS5,,,
Star Wars: Battlefront Classic Collection[c],PS5,,,
Star Wars: Knights of the Old Republic — Remake,PS5,,,
Star Wars Episode I: Jedi Power Battles,PS5,,,
Star Wars Jedi: Fallen Order,PS5,,,
Star Wars Jedi: Survivor,PS5,,,
Steelrising,PS5,,,
The Stone of Madness,PS5,,,
Stellar Blade,PS5,,,
Stonefly,PS5,,,
Stories from Sol: The Gun-Dog,PS5,,,
Stranger of Paradise: Final Fantasy Origin,PS5,,,
Stray,PS5,,,
Stray Blade,PS5,,,
Street Fighter 6,PS5,,,
Street Outlaws 2: Winner Takes All,PS5,,,
Subnautica,PS5,,,
Subnautica: Below Zero,PS5,,,
Suicide Squad: Kill the Justice League,PS5,,,
Suikoden I&II HD Remaster Gate Rune and Dunan Unification Wars,PS5,,,
Sumatra: Fate of Yandi,PS5,,,
Sunshower,PS5,,,
Super Animal Royale,PS5,,,
Super Bomberman R 2,PS5,,,
Superliminal,PS5,,,
Super Monkey Ball: Banana Mania,PS5,,,
Super Sami Roll,PS5,,,
Super Woden GP,PS5,,,
Survivor: Castaway Island,PS5,,,
Sword Art Online: Fractured Daydream,PS5,,,
Sword Art Online: Last Recollection,PS5,,,
Sword of the Necromancer,PS5,,,
Syberia: The World Before,PS5,,,
Synduality,PS5,,,
System Shock,PS5,,,
Tails of Iron,PS5,,,
Tails of Iron 2: Whiskers of Winter,PS5,,,
Tales of Arise,PS5,,,
Tales of Graces f Remastered,PS5,,,
Tales of Kenzera: Zau,PS5,,,
The Talos Principle 2,PS5,,,
Taxi Life: A City Driving Simulator,PS5,,,
Tchia,PS5,,,
Teenage Mutant Ninja Turtles Arcade: Wrath of the Mutants,PS5,,,
Tekken 8,PS5,,,
Temtem,PS5,,,
Terminator: Resistance Enhanced,PS5,,,
Tesla Force,PS5,,,
Tesla vs Lovecraft,PS5,,,
Test Drive Unlimited Solar Crown,PS5,,,
Tetris Forever,PS5,,,
Them's Fightin' Herds,PS5,,,
Tides of Annihilation,PS5,,,
Timothy's Night,PS5,,,
Tin Hearts,PS5,,,
Tiny Tina's Wonderlands,PS5,,,
TOEM,PS5,,,
Tomb Raider I–III Remastered,PS5,,,
Tomb Raider IV–VI Remastered,PS5,,,
Tom Clancy's Rainbow Six Extraction,PS5,,,
Tom Clancy's Rainbow Six Siege,PS5,,,
Tony Hawk's Pro Skater 1 + 2,PS5,,,
Tony Hawk's Pro Skater 3 + 4,PS5,,,
TopSpin 2K25,PS5,,,
Tormented Souls,PS5,,,
Touhou Luna Nights,PS5,,,
The Touryst,PS5,,,
Trails in the Sky 1st Chapter,PS5,,,
Train Sim World 5,PS5,,,
TramSim: Console Edition,PS5,,,
Treasures of the Aegean,PS5,,,
Trek to Yomi,PS5,,,
Trepang2,PS5,,,
Tribes of Midgard,PS5,,,
Trifox,PS5,,,
Tropico 6,PS5,,,
Truck Driver: The American Dream,PS5,,,
Truxton Extreme,PS5,,,
Tuesday Morning,PS5,,,
Twelve Minutes,PS5,,,
Twin Robots: Ultimate Edition,PS5,,,
Two Point Campus,PS5,,,
Two Point Museum,PS5,,,
UFL,PS5,,,
Ultimate Fishing Simulator 2,PS5,,,
Ultimate Sparring,PS5,,,
Uncharted: Legacy of Thieves Collection,PS5,,,
Until Dawn,PS5,,,
Undisputed,PS5,,,
Undead Horde,PS5,,,
Undernauts: Labyrinth of Yomi,PS5,,,
Under Night In-Birth II [Sys:Celes],PS5,,,
Unknown 9: Awakening,PS5,,,
Utawarerumono: Zan 2,PS5,,,
Valkyrie Elysium,PS5,,,
Vampire: The Masquerade – Bloodhunt,PS5,,,
Vampire: The Masquerade – Bloodlines 2,PS5,,,
Vampire: The Masquerade – Swansong,PS5,,,
Venus Vacation Prism: Dead or Alive Xtreme,PS5,,,
Vigor,PS5,,,
Visions of Mana,PS5,,,
Visco Collection,PS5,,,
Void Terrarium Plus,PS5,,,
Watch Dogs: Legion,PS5,,,
Warframe,PS5,,,
"Warhammer 40,000: Darktide",PS5,,,
"Warhammer 40,000: Shootas, Blood & Teef",PS5,,,
"Warhammer 40,000: Space Marine II",PS5,,,
Warhammer: Chaosbane,PS5,,,
War Hospital,PS5,,,
War Mongrels,PS5,,,
War Thunder,PS5,,,
Warsaw,PS5,,,
Wayfinder,PS5,,,
Werewolf: The Apocalypse – Earthblood,PS5,,,
Where Winds Meet,PS5,,,
White Shadows,PS5,,,
Wild Hearts,PS5,,,
The Winds Rising,PS5,,,
The Witcher 3: Wild Hunt,PS5,,,
Wizard with a Gun,PS5,,,
The Wolf Among Us 2,PS5,,,
Marvel's Wolverine,PS5,,,
Wo Long: Fallen Dynasty,PS5,,,
Wanderstop,PS5,,,
World of Warships: Legends,PS5,,,
World War Z: Aftermath,PS5,,,
Wordbreaker by POWGI,PS5,,,
Worms Rumble,PS5,,,
WRC 9,PS5,,,
WRC 10,PS5,,,
Wreckfest,PS5,,,
Wuchang: Fallen Feathers,PS5,,,
Wuthering Waves,PS5,,,
WW2 Rebuilder,PS5,,,
WWE 2K22,PS5,,,
WWE 2K23,PS5,,,
WWE 2K24,PS5,,,
WWE 2K25,PS5,,,
XDefiant,PS5,,,
Yakuza: Like a Dragon,PS5,,,
Yars Rising,PS5,,,
"Yeah! You Want ""Those Games,"" Right? So Here You Go! Now, Let's See You Clear Them!",PS5,,,
"Yeah! You Want ""Those Games,"" Right? So Here You Go! Now, Let's See You Clear Them! 2",PS5,,,
Your Computer Might Be At Risk,PS5,,,
Ys: The Oath in Felghana,PS5,,,
Ys VIII: Lacrimosa of Dana,PS5,,,
Ys IX: Monstrum Nox,PS5,,,
Ys X: Nordics,PS5,,,
Yu-Gi-Oh! Master Duel,PS5,,,
Yuoni,PS5,,,
Yurukill: The Calumniation Games,PS5,,,
Zaggy Car,PS5,,,
Zenless Zone Zero,PS5,,,
Zenith: Nexus,PS5,,,
Zombie Soup,PS5,,,
